name,type,oracle_text,colors,rarity,image_url
Absalom (OP14-100),,,,,
Ace & Sabo & Luffy (OP13-007),,,,,
After All These Years I'm Losing My Edge!!! (OP11-097),,,,,
Aladine (OP14-043),,,,,
Ancient Weapon Poseidon (OP11-037),,,,,
Apis (OP04-041),,,,,
Arlong (OP14-042),,,,,
Arlong (P-048),,,,,
Atmos (OP08-040),,,,,
Baby 5 (OP12-112),,,,,
Baby 5 (OP14-072),,,,,
Bartholomew Kuma (OP12-119),,,,,
Basil Hawkins (ST24-003),,,,,
Because the Side of Justice Will Be Whichever Side Wins!! (OP05-037),,,,,
Bird Neptunian (EB04-016),,,,,
Blaze Slice (OP07-116),,,,,
Boa Hancock (OP14-041),,,,,
Boa Hancock (OP14-112),,,,,
Boa Hancock (ST17-004),,,,,
Boeuf Burst (OP12-060),,,,,
Boodle (OP03-050),,,,,
Brick Bat (OP14-117),,,,,
Brochette Blow (OP12-078),,,,,
Bullet String (OP14-078),,,,,
"Capone""Gang""Bege (OP04-100)",,,,,
Carrot (OP08-023),,,,,
Cavendish (EB01-012),,,,,
Cavendish (OP10-045),,,,,
Charlestone (OP05-038),,,,,
Charlotte Flampe (EB01-056),,,,,
Charlotte Katakuri (OP11-067),,,,,
Charlotte Linlin (EB03-034),,,,,
Charlotte Pudding (OP06-047),,,,,
Charlotte Pudding (OP12-071),,,,,
Chew (OP14-050),,,,,
Coffin Boat (OP14-039),,,,,
Concasser (OP12-059),,,,,
Dellinger (OP14-067),,,,,
Demon Aura Nine Sword Style Asura Blades Drawn Dead Man's Game (OP12-037),,,,,
Divine Departure (OP13-076),,,,,
Donquixote Doflamingo (OP10-071),,,,,
Donquixote Doflamingo (OP14-060),,,,,
Donquixote Doflamingo (OP14-069),,,,,
Donquixote Doflamingo (ST03-009),,,,,
Donquixote Rosinante (OP10-072),,,,,
Donquixote Rosinante (OP12-061),,,,,
Donquixote Rosinante (OP12-108),,,,,
Douglas Bullet (ST05-011),,,,,
Dr. Hogback (OP06-090),,,,,
Dr. Hogback (OP14-110),,,,,
Dracule Mihawk (OP01-070),,,,,
Dracule Mihawk (OP12-030),,,,,
Dracule Mihawk (OP14-020),,,,,
Dracule Mihawk (OP14-119),,,,,
Edward.Newgate (OP02-004),,,,,
Edward.Newgate (OP13-042),,,,,
Electrical Luna (OP08-036),,,,,
"Eustass""Captain""Kid (OP01-051)",,,,,
"Eustass""Captain""Kid (OP10-112)",,,,,
Fisher Tiger (OP14-054),,,,,
Five Elders (OP13-082),,,,,
Flame Dragon King (ST13-017),,,,,
Foxy (EB04-036),,,,,
Foxy (OP07-059),,,,,
Foxy (OP07-071),,,,,
Foxy (OP10-075),,,,,
Fra-Nosuke (OP05-070),,,,,
Gaimon (OP03-043),,,,,
Gamma Knife (OP05-077),,,,,
Gear Two (OP11-080),,,,,
Gecko Moria (OP14-080),,,,,
Gecko Moria (OP14-104),,,,,
Gecko Moria (PRB02-013),,,,,
Gina (OP07-065),,,,,
Gloriosa (Grandma Nyon) (OP14-103),,,,,
Gol.D.Roger (OP09-118),,,,,
Gol.D.Roger (P-107),,,,,
Gorgon Sisters (OP14-105),,,,,
Gravity Blade Raging Tiger (OP06-058),,,,,
Groggy Monsters (EB04-033),,,,,
Ground Death (OP14-096),,,,,
Gum-Gum Giant (OP09-078),,,,,
Gum-Gum Giant Gavel (OP03-055),,,,,
Gum-Gum Jet Culverin (OP11-061),,,,,
Gum-Gum Red Roc (OP04-056),,,,,
Hanger (OP04-050),,,,,
Hatchan (OP14-051),,,,,
Hody Jones (OP06-035),,,,,
Hurry Up and Make Me the Pirate King! (OP14-097),,,,,
I Am Whitebeard!! (ST22-015),,,,,
I Do Not Forgive Those Who Laugh at My Family!!! (OP10-078),,,,,
I Heard the Sound...of a Lady's Teardrops Falling (EB04-029),,,,,
I Know You're Strong... So I'll Go All Out from the Very Start!!! (OP13-040),,,,,
I Love You!! (OP12-115),,,,,
Imu (OP13-079),,,,,
In Two Years!! At the Sabaody Archipelago!! (OP01-030),,,,,
It's to Die For... (OP08-076),,,,,
Itomimizu (OP07-060),,,,,
Izo (OP03-003),,,,,
Izo (ST22-002),,,,,
Jewelry Bonney (OP07-019),,,,,
Jewelry Bonney (OP07-026),,,,,
Jewelry Bonney (OP12-118),,,,,
Jewelry Bonney (OP13-108),,,,,
Jewelry Bonney (ST02-007),,,,,
Jinbe (OP14-040),,,,,
Jinbe (OP14-049),,,,,
Jinbe (ST29-005),,,,,
Jozu (OP02-008),,,,,
Jozu (OP08-047),,,,,
Kaido (OP08-079),,,,,
Karmic Punishment (OP07-035),,,,,
Kawamatsu (OP12-023),,,,,
Kaya (OP03-044),,,,,
Kid & Killer (ST24-002),,,,,
Kikunojo (OP06-104),,,,,
Kikunojo (OP14-023),,,,,
Killer (OP01-039),,,,,
Kizaru!! Compared to Two Years Ago We're a Hundred Times Stronger Now!! (ST29-016),,,,,
Koala (OP14-046),,,,,
Koushirou (OP12-027),,,,,
Kouzuki Hiyori (OP06-106),,,,,
Kouzuki Momonosuke (OP01-041),,,,,
Kumacy (OP14-102),,,,,
Law & Bepo (ST24-004),,,,,
Let's Crash This Wedding!!! (OP11-060),,,,,
Lilith (OP07-111),,,,,
Lilith (OP13-113),,,,,
Luffy Is the Man Who Will Be King of the Pirates!!! (OP12-079),,,,,
Marco (PRB02-008),,,,,
Marguerite (OP14-113),,,,,
Mary Geoise (OP05-097),,,,,
Megalo (EB04-018),,,,,
Megaton Nine-Tails Rush (OP07-078),,,,,
Monet (OP12-076),,,,,
Monet (OP14-074),,,,,
Monkey.D.Garp (OP13-016),,,,,
Monkey.D.Luffy (OP09-119),,,,,
Monkey.D.Luffy (OP11-040),,,,,
Monkey.D.Luffy (OP13-001),,,,,
Monkey.D.Luffy (OP13-118),,,,,
Monkey.D.Luffy (OP14-034),,,,,
Monkey.D.Luffy (ST29-001),,,,,
Mr.2.Bon.Kurei(Bentham) (EB01-061),,,,,
Nami (OP01-016),,,,,
Nami (OP08-106),,,,,
Nami (OP09-050),,,,,
Nami (OP11-054),,,,,
Nami (OP14-031),,,,,
Nami (P-117),,,,,
Nami (ST01-007),,,,,
Namule (OP08-050),,,,,
Nefeltari Vivi (OP13-012),,,,,
Never Existed... in the First Place... (OP13-098),,,,,
Nico Robin (OP09-107),,,,,
Nico Robin (P-111),,,,,
Nico Robin (ST29-009),,,,,
Nojiko (OP03-048),,,,,
O-Nami (ST18-002),,,,,
Otama (OP07-022),,,,,
Otama (OP13-043),,,,,
Otohime (OP11-100),,,,,
Paradise Waterfall (OP01-057),,,,,
Perfume Femur (OP07-057),,,,,
Perona (OP12-034),,,,,
Perona (OP14-033),,,,,
Perona (OP14-111),,,,,
Pica (OP14-071),,,,,
Porche (EB04-037),,,,,
Porche (OP07-072),,,,,
Portgas.D.Ace (OP02-013),,,,,
Portgas.D.Ace (OP13-002),,,,,
Portgas.D.Ace (OP13-119),,,,,
Radical Beam!! (OP01-029),,,,,
Ran (OP14-114),,,,,
Rindo (OP14-115),,,,,
Roronoa Zoro (OP06-118),,,,,
Roronoa Zoro (OP13-037),,,,,
Roronoa Zoro (PRB02-006),,,,,
Rosinante & Law (EB04-038),,,,,
Round Table (OP01-027),,,,,
Ryuma (OP14-089),,,,,
S-Snake (OP08-112),,,,,
S-Snake (OP13-114),,,,,
Sables (ST03-015),,,,,
Sabo (PRB02-014),,,,,
Saint Charlos (OP13-087),,,,,
Saint Mjosgard (OP13-092),,,,,
Saint Rosward (OP13-095),,,,,
Saint Shalria (OP13-086),,,,,
Salome (OP14-106),,,,,
Sanji (OP06-119),,,,,
Sanji (OP07-064),,,,,
Sanji (OP12-041),,,,,
Sanji (OP12-070),,,,,
Sanji (OP13-027),,,,,
Sanji (ST21-003),,,,,
Sanji (ST29-004),,,,,
Sanji's Pilaf (OP03-056),,,,,
Scaled Neptunian (EB04-011),,,,,
Scratchmen Apoo (EB01-015),,,,,
Sengoku (OP07-046),,,,,
Shachi & Penguin (ST10-008),,,,,
Shakuyaku (OP14-107),,,,,
Shanks (OP14-027),,,,,
Shanks (ST16-004),,,,,
Sheep's Horn (OP01-117),,,,,
Shirahoshi (EB03-052),,,,,
Shirahoshi (OP05-082),,,,,
Shirahoshi (OP11-022),,,,,
Shirahoshi (OP11-030),,,,,
Shirahoshi (OP12-102),,,,,
Silvers Rayleigh (OP13-066),,,,,
Silvers Rayleigh (OP14-108),,,,,
Slave Arrow (OP07-056),,,,,
Slow-Slow Beam Sword (OP07-076),,,,,
Snake Dance (OP07-055),,,,,
Sorry. I'm a Goner. (EB01-029),,,,,
Spiderweb (OP04-035),,,,,
Spotted Neptunian (OP11-036),,,,,
St. Ethanbaron V. Nusjuro (OP13-080),,,,,
St. Jaygarcia Saturn (OP13-083),,,,,
St. Marcus Mars (OP13-091),,,,,
St. Shepherd Ju Peter (OP13-084),,,,,
St. Topman Warcury (OP13-089),,,,,
Stealth Black (EB04-041),,,,,
Stussy (OP07-085),,,,,
Sugar (OP10-065),,,,,
Sugar (OP14-063),,,,,
Tashigi (OP10-032),,,,,
Tashigi (OP14-029),,,,,
"The ""Extinguishes All Sound Created by Your Influence"" Technique (OP12-077)",,,,,
The Billion-fold World Trichiliocosm (OP06-038),,,,,
The Empty Throne (OP13-099),,,,,
The Five Elders Are at Your Service!!! (OP13-096),,,,,
The World's Equilibrium Cannot Be Maintained Forever (OP13-097),,,,,
Thunder Bagua (OP01-119),,,,,
Tony Tony.Chopper (OP07-066),,,,,
Tony Tony.Chopper (OP10-011),,,,,
Tony Tony.Chopper (ST01-006),,,,,
Topknot Neptunian (OP11-107),,,,,
Trafalgar Law (EB03-062),,,,,
Trafalgar Law (OP05-069),,,,,
Trafalgar Law (OP09-069),,,,,
Trafalgar Law (OP12-073),,,,,
Trafalgar Law (OP13-031),,,,,
Trafalgar Law (P-088),,,,,
Trafalgar Law (P-093),,,,,
Trafalgar Law (ST10-010),,,,,
Trafalgar Law (ST17-002),,,,,
Trebol (OP14-068),,,,,
Uso-Hachi (ST18-001),,,,,
Usopp (OP03-041),,,,,
Usopp (OP07-099),,,,,
Usopp (OP14-022),,,,,
Usopp's Rubber Band of Doom!!! (OP03-054),,,,,
Uta (ST23-001),,,,,
Vergo (OP14-061),,,,,
Victoria Cindry (OP06-091),,,,,
Victoria Cindry (OP14-109),,,,,
Vinsmoke Reiju (EB03-031),,,,,
Vinsmoke Reiju (OP12-063),,,,,
Violet (OP10-062),,,,,
Vista (OP13-046),,,,,
Wadatsumi (OP14-056),,,,,
Whitey Bay (ST22-011),,,,,
X.Drake (ST24-005),,,,,
Yamato (EB02-006),,,,,
Yamato (OP13-054),,,,,
You Can Be My Samurai!! (OP01-055),,,,,
You'll Frighten Me... ♡ (OP14-118),,,,,
You're Just Not My Type! (OP11-115),,,,,
You're the One Who Should Disappear. (OP06-115),,,,,
Zeff (OP03-047),,,,,
Zeff (OP06-048),,,,,
Zoro-Juurou (OP05-067),,,,,
